﻿<?xml version="1.0" encoding="utf-8" standalone="yes"?>
<categories>
    <category id="3f305a53-bca8-43b6-8e47-eebe33b497d6" description="源自瑞士, 纯净天然的专业护肤, 让您成为每一个人眼中美丽的风景." parent="">倍丽芙</category>
    <category id="a26a3f27-3e5c-41ce-9831-e105f5248b4b" description="滴滴精华, 凝驻美丽." parent="">倍丽芙精华</category>
    <category id="74e93c5f-80f1-402a-9f4f-f12155654101" description="深度滋润, 焕变肌肤." parent="">倍丽芙面膜</category>
    <category id="6ead0d8d-aecd-471f-8784-431d812ce68e" description="立体呵护, 流光盈动." parent="">倍丽芙眼膜</category>
</categories>