﻿<?xml version="1.0" encoding="utf-8" standalone="yes"?>
<profileData>
  <DisplayName>倍丽芙</DisplayName>
  <FirstName>Bellevues</FirstName>
  <MiddleName />
  <LastName>倍丽芙</LastName>
  <CityTown />
  <RegionState />
  <Country />
  <Birthday>1981-01-01</Birthday>
  <AboutMe>源自瑞士, 纯净天然的专业护肤, 让您成为每一个人眼中美丽的风景</AboutMe>
  <PhotoURL />
  <Company />
  <EmailAddress>admin@Bellevues.com</EmailAddress>
  <PhoneMain />
  <PhoneMobile />
  <PhoneFax />
  <IsPrivate>False</IsPrivate>
</profileData>