<?xml version="1.0" encoding="utf-8"?>
<widgets>
  <widget id="42fcbe7c-2c9c-440a-bad9-65a94472fccc" title="Administration" showTitle="True">Administration</widget>
  <widget id="fb38ecdd-5813-4d10-8c5f-8d901c7c731e" title="搜索" showTitle="True">Search</widget>
  <widget id="7fc81802-77ee-4556-b76d-69d16c17150f" title="最新博客" showTitle="True">RecentPosts</widget>
  <widget id="dd0a6215-8f33-441e-83c8-9f2ae0abae27" title="分类" showTitle="True">Category list</widget>
  <widget id="8d2f6869-e27d-4585-bada-a9cc84f0978a" title="热门标签" showTitle="True">Tag cloud</widget>
  <widget id="1a6d9efb-75e6-42c7-9baa-831f547e9e07" title="博客列表" showTitle="True">Month List</widget>
  <widget id="a7d968b2-00e1-49d0-8576-2e54fa2e5e29" title="倍丽芙邮件订阅" showTitle="True">Newsletter</widget>
  <widget id="96b8fd29-9a09-4a9e-b1ff-79abc6e20efc" title="Visitor info" showTitle="True">Visitor info</widget>
</widgets>