<?xml version="1.0" encoding="utf-8"?>
<ManagedExtension xmlns:xsi="http://www.w3.org/2001/XMLSchema-instance" xmlns:xsd="http://www.w3.org/2001/XMLSchema" Name="BreakPost">
  <AdminPage />
  <Author>BlogEngine.NET</Author>
  <Description>Breaks a post where [more] is found in the body and adds a link to full post</Description>
  <Enabled>true</Enabled>
  <Priority>1010</Priority>
  <SubBlogEnabled>true</SubBlogEnabled>
  <ShowSettings>true</ShowSettings>
  <Version>1.4</Version>
</ManagedExtension>