<?xml version="1.0" encoding="utf-8"?>
<ManagedExtension xmlns:xsi="http://www.w3.org/2001/XMLSchema-instance" xmlns:xsd="http://www.w3.org/2001/XMLSchema" Name="CodeFormatterExtension">
  <AdminPage />
  <Author>www.manoli.net</Author>
  <Description>Converts text to formatted syntax highlighted code (beta).</Description>
  <Enabled>true</Enabled>
  <Priority>0</Priority>
  <SubBlogEnabled>true</SubBlogEnabled>
  <ShowSettings>true</ShowSettings>
  <Version>0.1</Version>
</ManagedExtension>