<?xml version="1.0" encoding="utf-8"?>
<ManagedExtension xmlns:xsi="http://www.w3.org/2001/XMLSchema-instance" xmlns:xsd="http://www.w3.org/2001/XMLSchema" Name="SendPings">
  <AdminPage />
  <Author>BlogEngine.NET</Author>
  <Description>Pings all the ping services specified on the PingServices admin page and send track- and pingbacks</Description>
  <Enabled>true</Enabled>
  <Priority>0</Priority>
  <SubBlogEnabled>true</SubBlogEnabled>
  <ShowSettings>true</ShowSettings>
  <Version>1.3</Version>
</ManagedExtension>