﻿<?xml version="1.0" encoding="utf-8" standalone="yes"?>
<post>
  <author>Admin</author>
  <title>倍丽芙欢迎微营销专家加入</title>
  <description />
  <content>&lt;p&gt;朋友，您想创造一份属于自己的事业，以此实现自我价值，提升生活品质吗？那就请加入&amp;ldquo;倍丽芙面膜微营销&amp;rdquo;团队，让你的梦想变为现实。&lt;/p&gt;
&lt;p&gt;&amp;ldquo;倍丽芙面膜微营销&amp;rdquo;，以&amp;ldquo;传播正能量，添彩健康美丽人生&amp;rdquo;为宗旨。我们提倡健康护肤，为人生带来健康美丽，为美丽健康的人生增添色彩。&lt;/p&gt;
&lt;p&gt;&amp;ldquo;倍丽芙面膜微营销&amp;rdquo;，打破传统销售模式，创造性的开发&amp;ldquo;零投入&amp;rdquo;创业模式，且专兼职均可。我们旨在帮助更多的有志之士实现创业梦想，改变生活质量。&lt;/p&gt;
&lt;p&gt;加入&amp;ldquo;倍丽芙面膜微营销&amp;rdquo;团队，让您的收入每月轻松突破万元，你还在等什么？&lt;/p&gt;
&lt;p&gt;加盟详情咨询倍丽芙全国微营销运营中心&lt;/p&gt;
&lt;p&gt;微信号：zwh765546769&amp;nbsp;&amp;nbsp;&amp;nbsp; &lt;br /&gt;微信名：快乐天使&lt;br /&gt;公司地址：广州市天河区体育西路建和中心12楼D2&lt;br /&gt;联系人：曾先生&lt;br /&gt;电话：13709028585&lt;/p&gt;
&lt;p&gt;&lt;img src="/image.axd?picture=/2014/07/WeChat.jpg" alt="" /&gt;&lt;/p&gt;</content>
  <ispublished>True</ispublished>
  <isdeleted>False</isdeleted>
  <iscommentsenabled>True</iscommentsenabled>
  <pubDate>2014-07-15 01:56:00</pubDate>
  <lastModified>2014-07-15 02:00:49</lastModified>
  <raters>0</raters>
  <rating>0</rating>
  <slug>Bellevues-WeChat</slug>
  <tags />
  <comments />
  <categories />
  <notifications />
</post>