﻿<?xml version="1.0" encoding="utf-8" standalone="yes"?>
<post>
  <author>Admin</author>
  <title>Bellevues（倍丽芙），源自瑞士，纯净天然</title>
  <description />
  <content>&lt;p class="NormalWeb" style="text-indent: 14.25pt; mso-char-indent-count: 1.5;"&gt;&lt;span style="font-size: 9.5pt; font-family: 楷体_GB2312; background-position: initial initial; background-repeat: initial initial;"&gt;平均海拔约&lt;span lang="EN-US"&gt;3000&lt;/span&gt;米的阿尔卑斯山脉，蕴含着丰富的矿物质，年降水量在&lt;span lang="EN-US"&gt;1200&lt;/span&gt;毫米到&lt;span lang="EN-US"&gt;3000&lt;/span&gt;毫米之间，为其他高海拔地区所罕见，据说这里的水质经检测是世界上最有益健康的。得天独厚的自然环境，令阿尔卑斯山孕育出非同凡响的动植物品类。&lt;/span&gt;&lt;/p&gt;
&lt;p class="NormalWeb" style="text-indent: 14.25pt; mso-char-indent-count: 1.5;"&gt;&lt;span style="font-size: 9.5pt; font-family: 楷体_GB2312; background-position: initial initial; background-repeat: initial initial;" lang="EN-US"&gt;1931&lt;/span&gt;&lt;span style="font-size: 9.5pt; font-family: 楷体_GB2312; background-position: initial initial; background-repeat: initial initial;"&gt;年，瑞士医生从生长在海拔&lt;span lang="EN-US"&gt;4000&lt;/span&gt;米以上的阿尔卑斯黑绵羊中提取出了享誉美容界的羊胎素。&lt;span lang="EN-US"&gt;2012&lt;/span&gt;年，瑞士&lt;span lang="EN-US"&gt;Mibelle&lt;/span&gt;公司又从海拔&lt;span lang="EN-US"&gt;3000-4000&lt;/span&gt;米的阿尔卑斯高山玫瑰中提炼出了活性精纯美肤因子，并运用于&lt;span lang="EN-US"&gt;Bellevues&lt;/span&gt;（倍丽芙面膜系列产品）。上帝把阿尔卑斯山赐给了人类，而阿尔卑斯山把自然的精华赐予了瑞士。&lt;/span&gt;&lt;/p&gt;
&lt;p class="NormalWeb" style="margin-left: 18.05pt;"&gt;&lt;strong&gt;&lt;span style="font-size: 9.0pt; font-family: 黑体; mso-hansi-font-family: 宋体; mso-bidi-font-family: Arial;"&gt;倍丽芙相信，最好的化妆品原料來自于最纯净的自然界！&lt;/span&gt;&lt;/strong&gt;&lt;/p&gt;
&lt;p class="NormalWeb" style="text-indent: 17.1pt; mso-char-indent-count: 1.9;"&gt;&lt;span style="font-size: 9pt; background-position: initial initial; background-repeat: initial initial;"&gt;然而，大部分的天然草本活性复合物状态并不安定，无法使用在化妆品用途，其难度远远超过从矿石中提炼黄金，这也是许多草本类化妆品效果大打折扣的原因。&lt;/span&gt;&lt;/p&gt;
&lt;p class="NormalWeb" style="text-indent: 17.1pt; mso-char-indent-count: 1.9;"&gt;&lt;span style="font-size: 9pt; background-position: initial initial; background-repeat: initial initial;"&gt;直到&lt;span lang="EN-US"&gt;2012&lt;/span&gt;年，瑞士&lt;span lang="EN-US"&gt;Mibelle&lt;/span&gt;公司创造性的采用&lt;/span&gt;&lt;span style="font-size: 9.0pt; color: #333333;" lang="EN-US"&gt;PhytoCellTec&lt;/span&gt;&lt;span style="font-size: 9.0pt; color: #333333;"&gt;&amp;trade;&lt;/span&gt;&lt;span style="font-size: 9pt; background-position: initial initial; background-repeat: initial initial;"&gt;技术，首次从阿尔卑斯高山稀有植物中提炼出了活性精纯因子，这项被称为&amp;ldquo;植物炼金术&amp;rdquo;的研究才算取得了突破性进展，并得以运用于倍丽芙面膜系列产品之中。&lt;/span&gt;&lt;/p&gt;
&lt;p class="NormalWeb" style="text-indent: 17.1pt; mso-char-indent-count: 1.9;"&gt;&lt;span style="font-size: 9pt; background-position: initial initial; background-repeat: initial initial;"&gt;倍丽芙面膜系列产品均含有源自阿尔卑斯山稀有植物的活性精纯因子，并使用阿尔卑斯冰川矿物质水作为基源水。这种活性因子已被证明具有强劲的自身再造能力，可水溶性地作用于肌肤深处，瞬间激活受损细胞，达到超乎想象的天然美白、保湿及修复等奇妙效果。&lt;/span&gt;&lt;/p&gt;
&lt;p class="NormalWeb" style="text-indent: 12.8pt; mso-char-indent-count: 1.71;"&gt;&lt;span style="font-size: 7.5pt; font-family: 黑体; mso-hansi-font-family: 宋体; mso-bidi-font-family: Arial;"&gt;倍丽芙郑重承诺：&lt;/span&gt;&lt;/p&gt;
&lt;p class="NormalWeb" style="text-indent: 12.8pt; mso-char-indent-count: 1.71;"&gt;&lt;span style="font-size: 7.5pt; font-family: 黑体; mso-hansi-font-family: 宋体; mso-bidi-font-family: Arial;"&gt;◎&lt;span lang="EN-US"&gt;100&lt;/span&gt;％天然有机成分&lt;/span&gt;&lt;/p&gt;
&lt;p class="NormalWeb" style="text-indent: 12.8pt; mso-char-indent-count: 1.71;"&gt;&lt;span style="font-size: 7.5pt; font-family: 黑体; mso-hansi-font-family: 宋体; mso-bidi-font-family: Arial;"&gt;◎无化学色素、荧光增白剂、激素、矿物油等添加&lt;/span&gt;&lt;/p&gt;
&lt;p class="NormalWeb" style="text-indent: 12.8pt; mso-char-indent-count: 1.71;"&gt;&lt;span style="font-size: 7.5pt; font-family: 黑体; mso-hansi-font-family: 宋体; mso-bidi-font-family: Arial;"&gt;◎尊重自然及阿尔卑斯山的环境以及永续发展&lt;/span&gt;&lt;/p&gt;
&lt;p class="NormalWeb" style="text-indent: 12.8pt; mso-char-indent-count: 1.71;"&gt;&lt;span style="font-size: 7.5pt; font-family: 黑体; mso-hansi-font-family: 宋体; mso-bidi-font-family: Arial;" lang="EN-US"&gt;&amp;nbsp;&lt;/span&gt;&lt;/p&gt;
&lt;p class="NormalWeb" style="text-indent: 12.8pt; mso-char-indent-count: 1.71;"&gt;&lt;span style="font-size: 7.5pt; font-family: 黑体; mso-hansi-font-family: 宋体; mso-bidi-font-family: Arial;"&gt;系列一、阿尔卑斯野玫瑰活氧系列面膜&amp;mdash;&amp;mdash;倍丽芙玫瑰活氧美白面膜、倍丽芙玫瑰活氧补水面膜、倍丽芙玫瑰活氧修复面膜&lt;/span&gt;&lt;/p&gt;
&lt;p class="NormalWeb" style="text-indent: 12.8pt; mso-char-indent-count: 1.71;"&gt;&lt;span style="font-size: 7.5pt; font-family: 黑体; mso-hansi-font-family: 宋体; mso-bidi-font-family: Arial;"&gt;系列二、阿尔卑斯野玫瑰活氧系列眼膜&amp;mdash;&amp;mdash;倍丽芙玫瑰活氧抗皱眼膜、倍丽芙玫瑰活氧舒缓眼膜：&lt;/span&gt;&lt;/p&gt;
&lt;p class="NormalWeb" style="text-indent: 12.8pt; mso-char-indent-count: 1.71;"&gt;&lt;span style="font-size: 7.5pt; font-family: 黑体; mso-hansi-font-family: 宋体; mso-bidi-font-family: Arial;"&gt;系列三、阿尔卑斯葡萄籽活氧系列面膜&amp;mdash;&amp;mdash;倍丽芙葡萄籽活氧控油面膜、倍丽芙葡萄籽活氧抗痘面膜&lt;/span&gt;&lt;/p&gt;</content>
  <ispublished>True</ispublished>
  <isdeleted>False</isdeleted>
  <iscommentsenabled>True</iscommentsenabled>
  <pubDate>2013-06-25 07:25:00</pubDate>
  <lastModified>2013-06-25 07:26:43</lastModified>
  <raters>0</raters>
  <rating>0</rating>
  <slug>bellevues-swiss-nature</slug>
  <tags />
  <comments />
  <categories />
  <notifications />
</post>