﻿<?xml version="1.0" encoding="utf-8" standalone="yes"?>
<post>
  <author>Admin</author>
  <title>Bellevues倍丽芙，阿尔卑斯野玫瑰的不老传说</title>
  <description />
  <content>&lt;p class="NormalWeb" style="text-indent: 15.75pt; mso-char-indent-count: 1.5; line-height: 150%;"&gt;&lt;span style="font-size: 10.5pt; line-height: 150%; font-family: 楷体_GB2312; mso-bidi-font-family: Arial;"&gt;（&lt;span lang="EN-US"&gt;Bellevues&lt;/span&gt;倍丽芙：法语，美丽的风景之意。）&lt;/span&gt;&lt;/p&gt;
&lt;p class="MsoNormal" style="text-indent: 21.0pt; mso-char-indent-count: 2.0; line-height: 150%;"&gt;&lt;span style="mso-bidi-font-size: 10.5pt; line-height: 150%; font-family: 宋体;"&gt;美丽的女人是世间最浪漫的风景，野玫瑰是阿尔卑斯山脉最浪漫的风景。&lt;/span&gt;&lt;/p&gt;
&lt;p class="MsoNormal" style="text-indent: 21.0pt; mso-char-indent-count: 2.0; line-height: 150%;"&gt;&lt;span style="mso-bidi-font-size: 10.5pt; line-height: 150%; font-family: 宋体;"&gt;横跨瑞士的阿尔卑斯山，拥有平均&lt;span lang="EN-US"&gt;3000&lt;/span&gt;米的海拔高度，在阿尔卑斯山的山顶，生长着一种珍贵罕有的野玫瑰，当地人有一种风俗：小伙子向心爱的姑娘求爱，要冒着生命危险，翻山越岭去采回玫瑰花，献给姑娘，表达自己的勇敢和忠诚。得到一朵阿尔卑斯野玫瑰，成为每个姑娘一生最甜蜜的荣耀。&lt;/span&gt;&lt;/p&gt;
&lt;p class="MsoNormal" style="text-indent: 21.0pt; mso-char-indent-count: 2.0; line-height: 150%;"&gt;&lt;span style="mso-bidi-font-size: 10.5pt; line-height: 150%; font-family: 宋体;"&gt;瑞士阿尔卑斯野玫瑰不仅拥有美丽的传说，由它制成的精华素在护肤品世界里被看作令人兴奋的对美白和抗衰老难题的突破。被运用于倍丽芙面膜系列产品中的野玫瑰精华素十分珍贵，每&lt;span lang="EN-US"&gt;3000&lt;/span&gt;朵阿尔卑斯野玫瑰，方可提炼出&lt;span lang="EN-US"&gt;1&lt;/span&gt;毫升玫瑰活氧精纯因子，因而被视作护肤品中的&amp;ldquo;活性黄金&amp;rdquo;。&lt;/span&gt;&lt;/p&gt;
&lt;p class="MsoNormal" style="text-indent: 21.0pt; mso-char-indent-count: 2.0; line-height: 150%;"&gt;&lt;span style="mso-bidi-font-size: 10.5pt; line-height: 150%; font-family: 宋体;"&gt;倍丽芙面膜系列产品的美肤秘诀，正在于完美保留了阿尔卑斯野玫瑰活性精华成效，并将其突破性地作用于肌肤的保养与修复。&lt;/span&gt;&lt;/p&gt;
&lt;p class="MsoNormal" style="text-indent: 21.0pt; mso-char-indent-count: 2.0; line-height: 150%;"&gt;&lt;span style="mso-bidi-font-size: 10.5pt; line-height: 150%; font-family: 宋体;"&gt;以具有显著美肤疗效的阿尔卑斯野玫瑰活性提取物与阿尔卑斯山矿物质水相结合，倍丽芙面膜系列产品借助高科技的生化技术重组肌肤活力，瞬间修复细纹，刺激胶原蛋白和弹力纤维的生成，深层牢牢锁住水份，让肌肤白里透红，水嫩动人，瞬间焕发天然玫瑰光彩，成就倍丽芙的不老传说。&lt;/span&gt;&lt;/p&gt;
&lt;p class="NormalWeb"&gt;&lt;strong&gt;&lt;span style="font-size: 10.5pt; font-family: 黑体; mso-hansi-font-family: 宋体; mso-bidi-font-family: Arial; color: red;" lang="EN-US"&gt;&amp;nbsp;&lt;/span&gt;&lt;/strong&gt;&lt;/p&gt;
&lt;p class="NormalWeb"&gt;&lt;strong&gt;&lt;span style="font-size: 10.5pt; font-family: 黑体; mso-hansi-font-family: 宋体; mso-bidi-font-family: Arial; color: red;"&gt;倍丽芙郑重承诺：&lt;/span&gt;&lt;/strong&gt;&lt;/p&gt;
&lt;p class="NormalWeb"&gt;&lt;span style="font-size: 9.0pt; mso-bidi-font-family: 'Times New Roman'; color: #333333; mso-font-kerning: 1.0pt;"&gt;◎&lt;span lang="EN-US"&gt;100&lt;/span&gt;％天然有机成分&lt;/span&gt;&lt;/p&gt;
&lt;p class="NormalWeb"&gt;&lt;span style="font-size: 9.0pt; mso-bidi-font-family: 'Times New Roman'; color: #333333; mso-font-kerning: 1.0pt;"&gt;◎无化学色素、荧光增白剂、激素、矿物油等添加&lt;/span&gt;&lt;/p&gt;
&lt;p class="NormalWeb"&gt;&lt;span style="font-size: 9.0pt; mso-bidi-font-family: 'Times New Roman'; color: #333333; mso-font-kerning: 1.0pt;"&gt;◎尊重自然及阿尔卑斯山的环境以及永续发展&lt;/span&gt;&lt;/p&gt;
&lt;p class="NormalWeb"&gt;&lt;span style="font-size: 9.0pt; mso-bidi-font-family: 'Times New Roman'; color: #333333; mso-font-kerning: 1.0pt;" lang="EN-US"&gt;&amp;nbsp;&lt;/span&gt;&lt;/p&gt;
&lt;p class="NormalWeb"&gt;&lt;strong&gt;&lt;span style="font-size: 9.0pt; mso-bidi-font-family: Arial;"&gt;系列一、阿尔卑斯野玫瑰活氧系列面膜&amp;mdash;&amp;mdash;&lt;/span&gt;&lt;/strong&gt;&lt;span style="font-size: 9.0pt; mso-bidi-font-family: Arial;"&gt;倍丽芙玫瑰活氧&lt;span style="color: red;"&gt;美白&lt;/span&gt;面膜、倍丽芙玫瑰活氧&lt;span style="color: red;"&gt;补水&lt;/span&gt;面膜、倍丽芙玫瑰活氧&lt;span style="color: red;"&gt;修复&lt;/span&gt;面膜&lt;/span&gt;&lt;/p&gt;
&lt;p class="NormalWeb"&gt;&lt;strong&gt;&lt;span style="font-size: 9.0pt; mso-bidi-font-family: Arial;"&gt;系列二、阿尔卑斯野玫瑰活氧系列眼膜&amp;mdash;&amp;mdash;&lt;/span&gt;&lt;/strong&gt;&lt;span style="font-size: 9.0pt; mso-bidi-font-family: Arial;"&gt;倍丽芙玫瑰活氧&lt;span style="color: red;"&gt;抗皱&lt;/span&gt;眼膜、倍丽芙玫瑰活氧&lt;span style="color: red;"&gt;舒缓&lt;/span&gt;眼膜&lt;strong&gt;：&lt;/strong&gt;&lt;/span&gt;&lt;/p&gt;
&lt;p class="NormalWeb"&gt;&lt;strong&gt;&lt;span style="font-size: 9.0pt; mso-bidi-font-family: Arial;"&gt;系列三、阿尔卑斯葡萄籽活氧系列面膜&amp;mdash;&amp;mdash;&lt;/span&gt;&lt;/strong&gt;&lt;span style="font-size: 9.0pt; mso-bidi-font-family: Arial;"&gt;倍丽芙葡萄籽活氧&lt;span style="color: red;"&gt;控油&lt;/span&gt;面膜、倍丽芙葡萄籽活氧&lt;span style="color: red;"&gt;抗痘&lt;/span&gt;面膜&lt;/span&gt;&lt;/p&gt;</content>
  <ispublished>True</ispublished>
  <isdeleted>False</isdeleted>
  <iscommentsenabled>True</iscommentsenabled>
  <pubDate>2013-06-25 07:22:00</pubDate>
  <lastModified>2013-06-25 07:24:07</lastModified>
  <raters>0</raters>
  <rating>0</rating>
  <slug>bellevues-alps-wild-rose</slug>
  <tags />
  <comments />
  <categories />
  <notifications />
</post>