﻿<?xml version="1.0" encoding="utf-8" standalone="yes"?>
<post>
  <author>Admin</author>
  <title>倍丽芙补水面膜睡前使用宝典</title>
  <description />
  <content>&lt;p class="MsoNormal" style="text-indent: 21pt; line-height: 15pt;" align="left"&gt;&lt;span style="font-family: 宋体;"&gt;女性肌肤的补水最好在晚上十点以前进行，因为夜晚十一点至凌晨二点是肌肤细胞最为活跃的时候。享受一个完全放松的淋浴后，皮肤护理正式开始。先洁净面部，然后用质地轻柔的去角质霜驱除脸部的老化角质（一周一次即可）。&lt;/span&gt;&lt;/p&gt;
&lt;p class="MsoNormal" style="text-indent: 21pt; line-height: 15pt;" align="left"&gt;&lt;span style="font-family: 宋体;"&gt;然后，就要请出补水的主角，倍丽芙玫瑰补水面膜。&lt;/span&gt;&lt;span style="font-family: 宋体; color: #444444; background-position: initial initial; background-repeat: initial initial;"&gt;这款产品主要有源自瑞士阿尔卑斯山的珍贵玫瑰精华、阿尔卑斯山矿物质水及植物多糖成分，一打开包装就能闻到淡淡的玫瑰香味，真的很好闻，又不让人觉得过于浓郁，大家都知道玫瑰是美白补水的圣品，那试问这样一款产品能不好用么？？&lt;/span&gt;&lt;/p&gt;
&lt;p class="MsoNormal" style="text-indent: 21pt; line-height: 15pt;" align="left"&gt;&lt;span style="font-family: 宋体;"&gt;接着，你可以一边花上&lt;/span&gt;&lt;span style="font-family: Simsun, serif;" lang="EN-US"&gt;15-20&lt;/span&gt;&lt;span style="font-family: 宋体;"&gt;分钟用这款倍丽芙玫瑰补水面膜做一次面部的深层保湿，一边舒适地呷一口加过两片柠檬的红茶，随手翻翻喜爱的时尚杂志。揭下玫瑰补水面膜后，用手将脸部的精华轻轻拍干。倍丽芙玫瑰补水面膜足足有&lt;/span&gt;&lt;span style="font-family: Simsun, serif;" lang="EN-US"&gt;30ml&lt;/span&gt;&lt;span style="font-family: 宋体;"&gt;的精华哦！面膜袋中的精华可以还可以拍在最易老化的颈部，或者手部都行，轻轻拍干即可。因为倍丽芙玫瑰补水精华是免洗型的哦！&lt;/span&gt;&lt;/p&gt;
&lt;p class="MsoNormal" style="text-indent: 21pt; line-height: 15pt;" align="left"&gt;&lt;span style="font-family: 宋体;"&gt;做完这些调理肌肤的步骤后，较干的皮肤可用保湿除皱乳液；想淡化色素斑点的&lt;/span&gt;&lt;span style="font-family: Simsun, serif;" lang="EN-US"&gt;OL&lt;/span&gt;&lt;span style="font-family: 宋体;"&gt;可用&lt;/span&gt;&lt;span style="font-family: Simsun, serif;" lang="EN-US"&gt;VC&lt;/span&gt;&lt;span style="font-family: 宋体;"&gt;含量较高的天然美容化妆品轻轻按摩全脸；最后擦上柔肤霜或保湿柔肤晚霜；如果是油性肌肤，可以延长深层去脂面乳在脸上的停留时间，让油脂和灰尘从毛孔中彻底清除。敏感肌肤建议将一周一次的去角质工序，改为两周一次。&lt;/span&gt;&lt;/p&gt;
&lt;p class="MsoNormal"&gt;&lt;span style="font-family: 宋体;"&gt;　　&lt;/span&gt;&lt;span style="font-family: Simsun, serif;" lang="EN-US"&gt;11&lt;/span&gt;&lt;span style="font-family: 宋体;"&gt;：&lt;/span&gt;&lt;span style="font-family: Simsun, serif;" lang="EN-US"&gt;00pm&lt;/span&gt;&lt;span style="font-family: 宋体;"&gt;护肤功课终于大功告成了，点上一盏精油灯，滴上两滴自己钟爱的甜橙精油，准备舒舒服服的进入梦乡，明天又是&lt;/span&gt;&lt;span style="font-family: Simsun, serif;" lang="EN-US"&gt;&amp;ldquo;&lt;/span&gt;&lt;span style="font-family: 宋体;"&gt;战斗&lt;/span&gt;&lt;span style="font-family: Simsun, serif;" lang="EN-US"&gt;&amp;rdquo;&lt;/span&gt;&lt;span style="font-family: 宋体;"&gt;的一天噢！&lt;/span&gt;&lt;/p&gt;</content>
  <ispublished>True</ispublished>
  <isdeleted>False</isdeleted>
  <iscommentsenabled>True</iscommentsenabled>
  <pubDate>2013-06-25 07:36:00</pubDate>
  <lastModified>2013-06-25 07:37:32</lastModified>
  <raters>0</raters>
  <rating>0</rating>
  <slug>bellevues-moisture-sleep</slug>
  <tags />
  <comments />
  <categories />
  <notifications />
</post>