﻿<?xml version="1.0" encoding="utf-8" standalone="yes"?>
<post>
  <author>Admin</author>
  <title>倍丽芙，美国第一夫人的选择，源自瑞士的美肤传奇</title>
  <description />
  <content>&lt;p class="NormalWeb" style="text-indent: 15.75pt; mso-char-indent-count: 1.5;"&gt;&lt;span style="font-size: 10.5pt; mso-bidi-font-family: Arial;" lang="EN-US"&gt;Swiss&lt;/span&gt;&lt;span style="font-size: 10.5pt; mso-bidi-font-family: Arial;"&gt;瑞士，举世公认的美容圣地。每年都有来自世界各地的名媛淑女、影坛巨星专程前往，定制独一无二的护肤美颜疗程，以求美丽倍增、青春永驻。&lt;span lang="EN-US"&gt;2012&lt;/span&gt;年，倍丽芙面膜系列产品的惊艳亮相更是引发了美肤业界的高度关注。&lt;/span&gt;&lt;/p&gt;
&lt;p class="NormalWeb" style="text-indent: 15.75pt; mso-char-indent-count: 1.5;"&gt;&lt;span style="font-size: 10.5pt; mso-bidi-font-family: Arial;"&gt;瑞士有着世界保养研发最密集的顶级实验室，同时也拥有得天独厚的自然环境。其国土&lt;span lang="EN-US"&gt;60%&lt;/span&gt;被阿尔卑斯山脉包围横跨，冰河时期遗留的多湖泊地形，和以阿尔卑斯野玫瑰为代表的高山植物、纯净水质等都堪称上天的恩赐，加上无数美肤学家在肌肤活细胞等顶尖保养范畴的研发与追求，瑞士美肤保养品一直在全球拥有不衰的魅力，成为不老神话的代言。&lt;/span&gt;&lt;/p&gt;
&lt;p class="NormalWeb" style="text-indent: 15.75pt; mso-char-indent-count: 1.5;"&gt;&lt;span style="font-size: 10.5pt; mso-bidi-font-family: Arial;"&gt;倍丽芙面膜系列产品的研发者&amp;mdash;&amp;mdash;座落于阿尔卑斯山脚下的&lt;span lang="EN-US"&gt;Mibelle&lt;/span&gt;公司正是其中的佼佼者，&lt;span lang="EN-US"&gt;Mibelle AG Cosmetics&lt;/span&gt;（化妆品）是瑞士最大的化妆品制造厂，也是瑞士首获&lt;span lang="EN-US"&gt;ISO 9001&lt;/span&gt;认证的生物科技公司，其合作伙伴遍布全球，囊括了&lt;span lang="EN-US"&gt;THE BODY SHOP&lt;/span&gt;、&lt;span lang="EN-US"&gt;Shiseido&lt;/span&gt;资生堂、&lt;span lang="EN-US"&gt;NIVEA&lt;/span&gt;、强生、倍丽芙等众多著名化妆品品牌。据美国版《&lt;span lang="EN-US"&gt;Vogue&lt;/span&gt;》杂志报道，美国第一夫人米歇尔&lt;span lang="EN-US"&gt;&amp;middot;&lt;/span&gt;奥巴马之所以看起来那么年轻，就是因为她使用了&lt;span lang="EN-US"&gt;Mibelle&lt;/span&gt;所研发的保养品。&lt;/span&gt;&lt;/p&gt;
&lt;p class="NormalWeb" style="text-indent: 15.75pt; mso-char-indent-count: 1.5;"&gt;&lt;span style="font-size: 10.5pt; mso-bidi-font-family: Arial;" lang="EN-US"&gt;2012&lt;/span&gt;&lt;span style="font-size: 10.5pt; mso-bidi-font-family: Arial;"&gt;年，&lt;span lang="EN-US"&gt;Mibelle&lt;/span&gt;公司倾力参与研发的又一顶尖保养美肤产品&lt;span lang="EN-US"&gt;Bellevues&lt;/span&gt;（倍丽芙面膜系列产品）问世，更首度登陆亚洲市场。&lt;span lang="EN-US"&gt;Mibelle&lt;/span&gt;公司发言人表示，&lt;span lang="EN-US"&gt;Bellevues&lt;/span&gt;（倍丽芙面膜系列产品）特别针对亚洲女性肌肤问题而制，主打产品采用了珍贵的阿尔卑斯野玫瑰活性美肤精华，其成份特点为高纯度玫瑰萃取精华&lt;span lang="EN-US"&gt;+&lt;/span&gt;生物活性因子&lt;span lang="EN-US"&gt;+&lt;/span&gt;矿泉水活性物质，所以美白及抗衰老、保湿效果最好，倍丽芙面膜系列产品的诞生，将为亚洲女性的美丽事业做出自己卓越的贡献。&lt;/span&gt;&lt;/p&gt;
&lt;p class="MsoNormal"&gt;&lt;span style="font-size: 9.0pt;" lang="EN-US"&gt;&amp;nbsp;&lt;/span&gt;&lt;/p&gt;
&lt;p class="NormalWeb"&gt;&lt;strong&gt;&lt;span style="font-size: 10.5pt; font-family: 黑体; mso-hansi-font-family: 宋体; mso-bidi-font-family: Arial; color: red;"&gt;倍丽芙郑重承诺：&lt;/span&gt;&lt;/strong&gt;&lt;/p&gt;
&lt;p class="NormalWeb"&gt;&lt;span style="font-size: 9.0pt; mso-bidi-font-family: 'Times New Roman'; color: #333333; mso-font-kerning: 1.0pt;"&gt;◎&lt;span lang="EN-US"&gt;100&lt;/span&gt;％天然有机成分&lt;/span&gt;&lt;/p&gt;
&lt;p class="NormalWeb"&gt;&lt;span style="font-size: 9.0pt; mso-bidi-font-family: 'Times New Roman'; color: #333333; mso-font-kerning: 1.0pt;"&gt;◎无化学色素、荧光增白剂、激素、矿物油等添加&lt;/span&gt;&lt;/p&gt;
&lt;p class="NormalWeb"&gt;&lt;span style="font-size: 9.0pt; mso-bidi-font-family: 'Times New Roman'; color: #333333; mso-font-kerning: 1.0pt;"&gt;◎尊重自然及阿尔卑斯山的环境以及永续发展&lt;/span&gt;&lt;/p&gt;
&lt;p class="NormalWeb"&gt;&lt;span style="font-size: 9.0pt; mso-bidi-font-family: 'Times New Roman'; color: #333333; mso-font-kerning: 1.0pt;" lang="EN-US"&gt;&amp;nbsp;&lt;/span&gt;&lt;/p&gt;
&lt;p class="NormalWeb"&gt;&lt;strong&gt;&lt;span style="font-size: 9.0pt; mso-bidi-font-family: Arial;"&gt;系列一、阿尔卑斯野玫瑰活氧系列面膜&amp;mdash;&amp;mdash;&lt;/span&gt;&lt;/strong&gt;&lt;span style="font-size: 9.0pt; mso-bidi-font-family: Arial;"&gt;倍丽芙玫瑰活氧&lt;span style="color: red;"&gt;美白&lt;/span&gt;面膜、倍丽芙玫瑰活氧&lt;span style="color: red;"&gt;补水&lt;/span&gt;面膜、倍丽芙玫瑰活氧&lt;span style="color: red;"&gt;修复&lt;/span&gt;面膜&lt;/span&gt;&lt;/p&gt;
&lt;p class="NormalWeb"&gt;&lt;strong&gt;&lt;span style="font-size: 9.0pt; mso-bidi-font-family: Arial;"&gt;系列二、阿尔卑斯野玫瑰活氧系列眼膜&amp;mdash;&amp;mdash;&lt;/span&gt;&lt;/strong&gt;&lt;span style="font-size: 9.0pt; mso-bidi-font-family: Arial;"&gt;倍丽芙玫瑰活氧&lt;span style="color: red;"&gt;抗皱&lt;/span&gt;眼膜、倍丽芙玫瑰活氧&lt;span style="color: red;"&gt;舒缓&lt;/span&gt;眼膜&lt;strong&gt;：&lt;/strong&gt;&lt;/span&gt;&lt;/p&gt;
&lt;p class="NormalWeb"&gt;&lt;strong&gt;&lt;span style="font-size: 9.0pt; mso-bidi-font-family: Arial;"&gt;系列三、阿尔卑斯葡萄籽活氧系列面膜&amp;mdash;&amp;mdash;&lt;/span&gt;&lt;/strong&gt;&lt;span style="font-size: 9.0pt; mso-bidi-font-family: Arial;"&gt;倍丽芙葡萄籽活氧&lt;span style="color: red;"&gt;控油&lt;/span&gt;面膜、倍丽芙葡萄籽活氧&lt;span style="color: red;"&gt;抗痘&lt;/span&gt;面膜&lt;/span&gt;&lt;/p&gt;
&lt;p class="MsoNormal"&gt;&lt;span style="font-size: 9.0pt;" lang="EN-US"&gt;&amp;nbsp;&lt;/span&gt;&lt;/p&gt;</content>
  <ispublished>True</ispublished>
  <isdeleted>False</isdeleted>
  <iscommentsenabled>True</iscommentsenabled>
  <pubDate>2013-06-25 07:24:00</pubDate>
  <lastModified>2013-06-25 07:25:44</lastModified>
  <raters>0</raters>
  <rating>0</rating>
  <slug>bellevues-swiss</slug>
  <tags />
  <comments />
  <categories />
  <notifications />
</post>