﻿<?xml version="1.0" encoding="utf-8" standalone="yes"?>
<post>
  <author>Admin</author>
  <title>阿尔卑斯野玫瑰的不老传说</title>
  <description />
  <content>&lt;blockquote&gt;
&lt;p&gt;阿尔卑斯野玫瑰的不老传说&lt;/p&gt;
&lt;p&gt;我坐在高高的阿尔卑斯山脚下&lt;/p&gt;
&lt;p&gt;仰望我梦中甜美的女郎&lt;/p&gt;
&lt;p&gt;每个女郎都是一朵玫瑰&lt;/p&gt;
&lt;p&gt;每朵玫瑰都是一个女郎&lt;/p&gt;
&lt;p&gt;--瑞士民歌《阿尔卑斯的玫瑰女郎》&lt;/p&gt;
&lt;/blockquote&gt;
&lt;p&gt;阿尔卑斯山的山顶长着一种很漂亮的野玫瑰，当地人有一种风俗：小伙子向心爱的姑娘求爱，要冒着生命危险，翻山越岭去采回玫瑰花，献给姑娘，表达自己的勇敢和忠诚。&lt;/p&gt;
&lt;p&gt;19世纪初，有几个小伙子上山采花，却一直没有回来，原来，他们登山的途中被雪崩埋在了万年冰雪中了。&lt;/p&gt;
&lt;p&gt;这该是一个伤感的故事吧，是什么一种花，能代表爱情，是因为它娇艳的外表，还是采花途中的艰辛？后来，才知道这种花被瑞士人叫做阿尔卑斯野玫瑰，这种稀有的野玫瑰生长在长海拔1500&amp;mdash;2800米的阿尔卑斯山脉，是阿尔卑斯山不可人工种植的稀有受保护植物。&lt;/p&gt;
&lt;p&gt;野玫瑰生长于阿尔卑斯山上，为了适应恶劣的气候环境，有着厚厚的叶子表层，以防止水分流失；而且还拥有特别的蛋白质，当中高含量的多酚，可以很好地抵抗紫外线的侵害！&lt;/p&gt;
&lt;p&gt;瑞士mibelle公司是瑞士最优秀的化妆品公司，以先进的植物细胞提取技术来提取阿尔卑斯野玫瑰精纯因子，完美保留野玫瑰卓越的补水美白成分。倍丽芙补水面膜采用了源自瑞士Mibelle公司的野玫瑰精纯因子，以独特配方提升表皮对紫外线的耐受性，有效抵御游离子对肌肤造成粗糙暗哑的伤害，具有极佳的表皮锁水功能深层住水分，使之细嫩柔滑，美白透亮。细胞渗透枝术可以让有效活性成分直击皮肤基底层，激活修复受损细胞，使健康肌肤由内而外，自然焕发。&lt;/p&gt;
&lt;p&gt;试想想，当面部肌肤遇到倍丽芙玫瑰补水面膜丰腴的野玫瑰精纯因子，那就如同充盈滑嫩的弹力素，渗透入肌肤里，提升表皮干细胞存活率和代谢率，促进肌肤新生。沉睡的细胞被渐渐唤醒，充满新生活力。原本干瘪、粗糙的肌肤，变得细腻而弹润，细纹亦一天天变淡。&lt;/p&gt;</content>
  <ispublished>True</ispublished>
  <isdeleted>False</isdeleted>
  <iscommentsenabled>True</iscommentsenabled>
  <pubDate>2013-06-24 02:17:00</pubDate>
  <lastModified>2013-06-24 02:29:25</lastModified>
  <raters>0</raters>
  <rating>0</rating>
  <slug>alps-wild-rose</slug>
  <tags>
    <tag>倍丽芙</tag>
    <tag>阿尔卑斯野玫瑰</tag>
  </tags>
  <comments />
  <categories>
    <category>3f305a53-bca8-43b6-8e47-eebe33b497d6</category>
  </categories>
  <notifications />
</post>